"","StartDate","EndDate","Progress","Duration..in.seconds.","Finished","RecordedDate","ResponseId","Training.1_Prompt_C","Training.2_C","Q2_F2_Tree_C","Q3_F3_landscape_C","Q5_F5_People_C","QA1_A1_Car_C","Q42_A2_Cartoon_C","QA3_A3_Penguin_C","Feel","Attitude_1","generative.AI","Experience","Academic.background","Visual.art","time.investment","experiment_name","SessionID","subject_id","trial_name","FL_27_DO","FL_38_DO","Technical.issues","Feel.1","Q4_F4_Apples_C","Q1_A4_Castle_C","Academic.background_5_TEXT","Q51","Anything.else","Language","Language.1","Language_5_TEXT","Academic.background.1","Highest.education.level.completed","Languagebinary"
"1","2024-09-25 05:33:15","2024-09-25 05:53:12",98,"1197","0","2024-09-25 06:11:17","R_2BbT7DpAdCeXEoz","3","3","4","3","2","4","1","1","some keywords in the beginning of prompt are heavily dominant in the generated image","3","1","2","","3","3","Artist_final","FS_2BbT7DpAdCeXEoz","FS_2BbT7DpAdCeXEoz","Aesthetics Q1","FL_30|FL_32|FL_36|FL_34","FL_48|FL_29|FL_42|FL_41","yes","some keywords in the beginning of prompt are heavily dominant in the generated image","2","2","","15","","5","5","Estonian","4",NA,NA
"2","2024-09-25 14:21:58","2024-09-25 15:01:31",98,"2373","0","2024-09-26 02:33:55","R_2l6wXhS7TFhxbpA","4","4","4","3","2","2","1","2","It's not so easy to turn down the dramatic aspects and create casual content that could feel real. I do like the possibility to quickly visualize or sketch ideas.","3","1","2","","3","2","Artist_final","FS_2l6wXhS7TFhxbpA","FS_2l6wXhS7TFhxbpA","Aesthetics Q3","FL_34|FL_32|FL_30|FL_36","FL_29|FL_41|FL_42|FL_48","No","It's not so easy to turn down the dramatic aspects and create casual content that could feel real. I do like the possibility to quickly visualize or sketch ideas.","4","2","","15","","5","5","","3",NA,NA
"3","2024-09-26 02:36:07","2024-09-26 02:51:53",93,"946","0","2024-09-26 04:19:47","R_8NCyh8Qk04E9nH0","3","1","1","3","3","2","4","4","I find it interesting to experiment and possibly generate images if there is a real hurry to illustrate some ideas. Mostly I find the experience positive.","4","1","4","","3","","Artist_final","FS_8NCyh8Qk04E9nH0","FS_8NCyh8Qk04E9nH0","FaithfulQ1","FL_32|FL_34|FL_36|FL_30","FL_41|FL_48|FL_42|FL_29","Yes, I had to switch browsers. ARC browser did not work so I used Safari.","I find it interesting to experiment and possibly generate images if there is a real hurry to illustrate some ideas. Mostly I find the experience positive.","2","3","","23","","4","4","","4",NA,NA
"4","2024-09-26 03:03:13","2024-09-26 03:20:30",98,"1037","0","2024-09-26 04:19:47","R_8mtXu1vqNUK6W77","4","3","1","1","4","4","1","1","i'm not interested on it","3","1","3","","3","4","Artist_final","FS_8mtXu1vqNUK6W77","FS_8mtXu1vqNUK6W77","Aesthetics Q3","FL_36|FL_34|FL_30|FL_32","FL_29|FL_41|FL_42|FL_48","no","i'm not interested on it","","1","","25","have fun!","5","5","catala","1",NA,NA
"5","2024-09-26 13:54:20","2024-09-26 14:26:57",98,"1956","0","2024-09-27 02:03:32","R_2Kxo8YCURVtkOKF","1","3","2","3","1","3","2","4","It's fun, and has a lot of creative potential, despite the problems associated with generative AI in general","4","1","3","","2","2","Artist_final","FS_2Kxo8YCURVtkOKF","FS_2Kxo8YCURVtkOKF","FaithfulQ1","FL_32|FL_34|FL_30|FL_36","FL_41|FL_42|FL_48|FL_29","No. Just once the page didn't load properly and had to refresh.","It's fun, and has a lot of creative potential, despite the problems associated with generative AI in general","4","4","","20","","5","5","Catalan","4",NA,NA
"6","2024-09-27 04:41:40","2024-09-27 05:28:52",98,"2831","0","2024-09-27 05:45:25","R_8FrXtZACngY76Fn","4","4","4","3","2","2","4","4","Cool but somewhat predictable ","3","1","3","","3","4","Artist_final","FS_8FrXtZACngY76Fn","FS_8FrXtZACngY76Fn","FaithfulQ1","FL_30|FL_32|FL_34|FL_36","FL_48|FL_41|FL_42|FL_29","No","Cool but somewhat predictable ","4","4","","15","Nope","5","5","Spanish","3",NA,NA
"7","2024-09-28 03:57:09","2024-09-28 04:15:48",98,"1119","0","2024-09-28 05:26:05","R_8nVJDw37kw19GWL","2","1","4","4","2","4","3","3","I was never a big fan of it but I think it is interesting to experiment with it. ","3","1","2","6","3","2","Artist_final","FS_8nVJDw37kw19GWL","FS_8nVJDw37kw19GWL","Aesthetics Q2","FL_36|FL_32|FL_34|FL_30","FL_48|FL_41|FL_29|FL_42","Not really","I was never a big fan of it but I think it is interesting to experiment with it. ","3","1","","10","","5","5","Spanish","3",NA,NA
"8","2024-09-28 04:21:10","2024-09-28 04:56:01",98,"2091","0","2024-09-28 05:26:05","R_2VvGJclnPW1dWtO","1","1","3","","2","1","3","2","Exciting, inspirational.","5","1","2","7","3","3","Artist_final","FS_2VvGJclnPW1dWtO","FS_2VvGJclnPW1dWtO","FaithfulQ1","FL_32|FL_36|FL_30|FL_34","FL_41|FL_42|FL_48|FL_29","No.","Exciting, inspirational.","2","3","","40","No","5","5","Estonian","3",NA,NA
"9","2024-09-30 08:18:25","2024-09-30 08:37:18",98,"1133","0","2024-09-30 09:26:10","R_8qDtuZmYzbmcJqK","2","4","4","3","4","4","2","4","needs a lot of work","5","1","3","6","3","4","Artist_final","FS_8qDtuZmYzbmcJqK","FS_8qDtuZmYzbmcJqK","Aesthetics Q2","FL_30|FL_36|FL_32|FL_34","FL_29|FL_41|FL_48|FL_42","no","needs a lot of work","2","2","","40","no","4","4","","3",NA,NA
"10","2024-09-30 10:51:20","2024-09-30 11:08:27",100,"1026","1","2024-09-30 11:08:27","R_2hs2Q3Hl3C4vmTv","1","2","4","3","4","1","3","4","boring","4","1","2","1","3","4","Artist_final","FS_2hs2Q3Hl3C4vmTv","FS_2hs2Q3Hl3C4vmTv","Aesthetics Q1","FL_30|FL_34|FL_36|FL_32","FL_48|FL_29|FL_42|FL_41","no","boring","4","2","","30","no","5","5","german","1",NA,NA
"11","2024-10-01 01:27:33","2024-10-01 09:33:26",98,"29152","0","2024-10-02 05:54:09","R_8U9UBESBWN2hZxD","3","2","2","4","","3","4","2","this is not the aesthetic I would expect. AI-Generated art depends on our level of knowledge of the ongoing process. It is like a good assistant we would have chosen with specific creative skills","4","1","4","7","3","4","Artist_final","FS_8U9UBESBWN2hZxD","FS_8U9UBESBWN2hZxD","FaithfulQ1","FL_34|FL_36|FL_30|FL_32","FL_41|FL_48|FL_42|FL_29","no","this is not the aesthetic I would expect. AI-Generated art depends on our level of knowledge of the ongoing process. It is like a good assistant we would have chosen with specific creative skills","2","1","","50","the visuals where mostly childish","5","5","French","4",NA,NA
"12","2024-10-01 03:11:58","2024-10-01 10:06:23",98,"24864","0","2024-10-02 05:54:10","R_7pmQkuKpNu35ngp","1","1","1","3","2","3","1","1","seems like the prompts in the front made the biggest decision. pretty fun","3","1","2","6","3","3","Artist_final","FS_7pmQkuKpNu35ngp","FS_7pmQkuKpNu35ngp","Aesthetics Q1","FL_36|FL_30|FL_34|FL_32","FL_48|FL_42|FL_29|FL_41","no","seems like the prompts in the front made the biggest decision. pretty fun","2","4","","8","good luck with the study!","5","5","chinese","3",NA,NA
"13","2024-10-01 07:26:57","2024-10-01 07:39:33",98,"755","0","2024-10-02 05:54:09","R_85ZLVMer9PrJMic","4","4","1","3","2","4","3","2","unchanged","3","1","3","6","3","4","Artist_final","FS_85ZLVMer9PrJMic","FS_85ZLVMer9PrJMic","FaithfulQ1","FL_34|FL_36|FL_32|FL_30","FL_48|FL_42|FL_41|FL_29","no","unchanged","2","4","full time professionel artist","40","","5","5","danish","5",NA,NA
"14","2024-10-01 07:45:41","2024-10-01 08:12:26",93,"1605","0","2024-10-07 03:38:34","R_2NPLMe7AgBkIHL6","4","4","2","2","2","2","3","2","that i'm not an AI","3","1","2","7","3","","Artist_final","FS_2NPLMe7AgBkIHL6","FS_2NPLMe7AgBkIHL6","Aesthetics Q2","FL_34|FL_32|FL_36|FL_30","FL_29|FL_48|FL_41|FL_42","no","that i'm not an AI","4","2","DSRA Artschool","","","5","5","french","5",NA,NA
"15","2024-10-02 01:40:43","2024-10-02 02:22:14",98,"2490","0","2024-10-02 06:54:29","R_8cuJAyxoaA8DsbL","2","3","2","1","1","4","2","1","Onlooker","3","1","2","6","3","4","Artist_final","FS_8cuJAyxoaA8DsbL","FS_8cuJAyxoaA8DsbL","Aesthetics Q3","FL_36|FL_34|FL_32|FL_30","FL_41|FL_42|FL_29|FL_48","no, was fun","Onlooker","4","4","","25","not really","5","5","Catalan","2",NA,NA
"16","2024-10-02 03:09:28","2024-10-02 03:36:49",98,"1640","0","2024-10-02 06:54:29","R_8JWVMqiDq81VfZa","4","3","2","2","2","1","4","4","I feel good about it","4","1","3","6","3","4","Artist_final","FS_8JWVMqiDq81VfZa","FS_8JWVMqiDq81VfZa","Aesthetics Q3","FL_32|FL_34|FL_36|FL_30","FL_42|FL_29|FL_41|FL_48","nope","I feel good about it","2","4","","20","that all right, good luck!","5","5","estonian","4",NA,NA
"17","2024-10-02 03:37:49","2024-10-02 04:04:54",100,"1624","1","2024-10-02 04:04:55","R_2IOPd6KAZ5NM75f","1","3","4","1","4","1","3","1","dirty","2","1","3","6","3","4","Artist_final","FS_2IOPd6KAZ5NM75f","FS_2IOPd6KAZ5NM75f","Aesthetics Q2","FL_34|FL_36|FL_30|FL_32","FL_29|FL_48|FL_41|FL_42","no","dirty","4","3","","20","no","4","4","","4",NA,NA
"18","2024-10-02 03:55:51","2024-10-02 04:23:37",98,"1666","0","2024-10-02 06:54:29","R_4BY8KciaaJelPvH","1","2","3","1","2","3","2","3","Images can be generated quickly, but ideas need to be converted to text, and a lot of information is lost in the process","2","1","3","6","2","3","Artist_final","FS_4BY8KciaaJelPvH","FS_4BY8KciaaJelPvH","FaithfulQ1","FL_30|FL_34|FL_36|FL_32","FL_48|FL_41|FL_42|FL_29","no ","Images can be generated quickly, but ideas need to be converted to text, and a lot of information is lost in the process","2","4","","7","no","5","5","Chinese","4",NA,NA
"19","2024-10-02 04:17:51","2024-10-02 04:34:20",98,"989","0","2024-10-02 06:54:29","R_815gW8il50AMGAO","2","4","2","1","2","2","4","1","great","4","1","2","6","3","3","Artist_final","FS_815gW8il50AMGAO","FS_815gW8il50AMGAO","FaithfulQ1","FL_36|FL_30|FL_32|FL_34","FL_42|FL_48|FL_41|FL_29","no","great","2","2","","40","","4","4","","3",NA,NA
"20","2024-10-02 07:37:08","2024-10-02 07:57:49",98,"1241","0","2024-10-02 09:39:55","R_2hASNDwNnQodKQ3","4","1","1","3","2","2","2","2","Motivated","4","1","3","7","2","2","Artist_final","FS_2hASNDwNnQodKQ3","FS_2hASNDwNnQodKQ3","Aesthetics Q2","FL_30|FL_34|FL_36|FL_32","FL_29|FL_48|FL_41|FL_42","No","Motivated","3","2","","15","Nice work. Looking forward to seeing the results","5","5","Spanish","1",NA,NA
"21","2024-10-02 13:40:16","2024-10-02 14:06:45",98,"1589","0","2024-10-03 03:56:46","R_51LaKjKmuMfv0vF","1","3","2","1","2","4","4","3","I feel there is more room for interpretation and meaning in textual and sonic inference. Images still seem stuck in ArtStation aesthetics","3","1","4","7","3","4","Artist_final","FS_51LaKjKmuMfv0vF","FS_51LaKjKmuMfv0vF","Aesthetics Q3","FL_30|FL_32|FL_34|FL_36","FL_42|FL_29|FL_41|FL_48","It seemed to have an older context awareness, like before 2022 (before Tesla Cybertrucks ;)","I feel there is more room for interpretation and meaning in textual and sonic inference. Images still seem stuck in ArtStation aesthetics","1","1","","27","","4","4","","4",NA,NA
"22","2024-10-03 03:23:12","2024-10-03 03:51:38",98,"1705","0","2024-10-03 04:22:28","R_8PZSXGDFJM4PVKL","1","2","","1","4","4","3","1","its a good a reason to be silly and to let your imagination run wild. other than that i don't really enjoy it","2","1","3","6","3","3","Artist_final","FS_8PZSXGDFJM4PVKL","FS_8PZSXGDFJM4PVKL","Aesthetics Q3","FL_30|FL_32|FL_36|FL_34","FL_29|FL_41|FL_42|FL_48","no","its a good a reason to be silly and to let your imagination run wild. other than that i don't really enjoy it","2","","","24","","4","4","","3",NA,NA
"23","2024-10-03 04:10:55","2024-10-03 04:35:37",98,"1481","0","2024-10-04 01:58:03","R_2QQAlww10WoHb4r","2","2","1","4","2","3","4","2","A handy tool for some. But quite boring when used without vision and knowledge.","3","2","1","6","3","3","Artist_final","FS_2QQAlww10WoHb4r","FS_2QQAlww10WoHb4r","Aesthetics Q2","FL_34|FL_30|FL_36|FL_32","FL_41|FL_29|FL_48|FL_42","No. ","A handy tool for some. But quite boring when used without vision and knowledge.","1","4","","21","","5","5","Finnish","3",NA,NA
"24","2024-10-03 04:46:32","2024-10-03 05:05:44",98,"1151","0","2024-10-04 01:58:03","R_2JBZu3Rt5eD1sow","4","4","1","1","4","1","3","4","Not yet there.","3","2","1","7","3","4","Artist_final","FS_2JBZu3Rt5eD1sow","FS_2JBZu3Rt5eD1sow","Aesthetics Q1","FL_32|FL_34|FL_36|FL_30","FL_29|FL_48|FL_42|FL_41","","Not yet there.","4","2","","20","","5","5","Lithuanian","4",NA,NA
"25","2024-10-03 05:28:33","2024-10-03 05:53:54",98,"1521","0","2024-10-04 01:58:03","R_2WOw3kkh5hJ6lwZ","1","1","4","3","4","4","3","4","I'm against it","1","1","3","7","3","3","Artist_final","FS_2WOw3kkh5hJ6lwZ","FS_2WOw3kkh5hJ6lwZ","FaithfulQ1","FL_36|FL_32|FL_34|FL_30","FL_42|FL_41|FL_48|FL_29","no","I'm against it","3","2","","30","no","4","4","","4",NA,NA
"26","2024-10-03 09:35:50","2024-10-03 10:12:33",98,"2203","0","2024-10-04 01:58:05","R_6OdJsvQX2cnRUui","4","4","4","1","2","2","4","3","Stupid question","5","1","4","7","3","3","Artist_final","FS_6OdJsvQX2cnRUui","FS_6OdJsvQX2cnRUui","Aesthetics Q1","FL_32|FL_36|FL_30|FL_34","FL_42|FL_48|FL_29|FL_41","no","Stupid question","4","1","","40","What do you hope to find out from this experiment?","4","4","","4",NA,NA
"27","2024-10-03 12:12:00","2024-10-03 13:23:13",98,"4272","0","2024-10-04 01:58:03","R_2sZjKNOtSTkwTnr","2","3","","3","2","1","2","4","ambivalent","3","1","3","5","2","4","Artist_final","FS_2sZjKNOtSTkwTnr","FS_2sZjKNOtSTkwTnr","FaithfulQ1","FL_32|FL_34|FL_36|FL_30","FL_42|FL_41|FL_48|FL_29","no","ambivalent","1","","","10","","5","5","german","3",NA,NA
"28","2024-10-03 16:19:22","2024-10-03 16:44:33",98,"1510","0","2024-10-04 01:58:10","R_8Wv8TgRPohxxY1W","1","4","","3","4","2","1","3","Interesting, new tool to exploit.","4","1","2","7","2","2","Artist_final","FS_8Wv8TgRPohxxY1W","FS_8Wv8TgRPohxxY1W","Aesthetics Q3","FL_36|FL_32|FL_30|FL_34","FL_41|FL_29|FL_42|FL_48","Not really. But it was difficult to prompt images different from the given ones...","Interesting, new tool to exploit.","2","4","","10","Let the artists go beyond censorship","5","5","Catalan","4",NA,NA
"29","2024-10-03 16:25:36","2024-10-03 16:51:45",98,"1569","0","2024-10-04 01:58:03","R_2IurHw99tjh78ct","4","4","2","4","4","3","3","1","I think the model did not have a good database and/or training ","4","1","3","6","3","4","Artist_final","FS_2IurHw99tjh78ct","FS_2IurHw99tjh78ct","Aesthetics Q1","FL_30|FL_32|FL_34|FL_36","FL_48|FL_29|FL_42|FL_41","No","I think the model did not have a good database and/or training ","1","1","","15","","5","5","Estonian","4",NA,NA
"30","2024-10-03 18:00:38","2024-10-03 19:04:17",98,"3818","0","2024-10-04 01:58:04","R_7gTus4bF7Ihghmy","4","1","2","3","4","4","1","2","not any different than other forms of art, just tired of seeing anamolies as part of its dominant aesthetics!","4","1","3","6","2","2","Artist_final","FS_7gTus4bF7Ihghmy","FS_7gTus4bF7Ihghmy","FaithfulQ1","FL_36|FL_32|FL_34|FL_30","FL_41|FL_48|FL_42|FL_29","no","not any different than other forms of art, just tired of seeing anamolies as part of its dominant aesthetics!","3","1","","5","","5","5","Farsi","1",NA,NA
"31","2024-10-04 04:13:06","2024-10-04 05:25:41",98,"4355","0","2024-10-04 08:47:43","R_2rNnWlXiltQlVp9","4","4","2","2","2","3","4","4","Mixed feelings, inspiring sometimes , frustrating others, a bit worried about the future of my job","3","1","2","7","3","2","Artist_final","FS_2rNnWlXiltQlVp9","FS_2rNnWlXiltQlVp9","Aesthetics Q3","FL_34|FL_32|FL_36|FL_30","FL_29|FL_41|FL_42|FL_48","Just the limitation of the 30 words","Mixed feelings, inspiring sometimes , frustrating others, a bit worried about the future of my job","4","4","","30","Please let us know the secuence of prompts >> images obtained","5","5","Spanish","4",NA,NA
"32","2024-10-04 05:21:02","2024-10-04 05:48:22",98,"1639","0","2024-10-04 08:47:34","R_4pFVlJxhIAEuc7v","2","3","2","3","2","3","4","2","Ai has tremendous potential. I am excited for its future, however it is still limited in terms of interpreting complex promts.","5","1","2","6","3","4","Artist_final","FS_4pFVlJxhIAEuc7v","FS_4pFVlJxhIAEuc7v","Aesthetics Q3","FL_34|FL_30|FL_36|FL_32","FL_29|FL_42|FL_41|FL_48","no","Ai has tremendous potential. I am excited for its future, however it is still limited in terms of interpreting complex promts.","2","3","","30","","4","4","","3",NA,NA
"33","2024-10-04 12:03:49","2024-10-04 12:34:36",98,"1847","0","2024-10-05 02:43:28","R_71c4wTmbXVqxUVE","1","2","1","1","4","4","4","2","It is interesting","4","1","3","7","2","3","Artist_final","FS_71c4wTmbXVqxUVE","FS_71c4wTmbXVqxUVE","Aesthetics Q2","FL_34|FL_36|FL_32|FL_30","FL_29|FL_48|FL_41|FL_42","No","It is interesting","4","1","","35","","4","4","","4",NA,NA
"34","2024-10-05 14:59:47","2024-10-07 03:48:48",98,"132541","0","2024-10-07 04:50:42","R_2Eb1AAfOmWAXYOc","2","3","2","1","4","3","1","1","I love the suspense of the image appearing!","5","1","3","7","3","3","Artist_final","FS_2Eb1AAfOmWAXYOc","FS_2Eb1AAfOmWAXYOc","Aesthetics Q2","FL_34|FL_32|FL_36|FL_30","FL_41|FL_29|FL_48|FL_42","no","I love the suspense of the image appearing!","2","3","","25","thanks for inviting me!","4","4","","4",NA,NA
"35","2024-10-06 10:06:52","2024-10-06 10:53:54",98,"2821","0","2024-10-07 02:23:24","R_4R83hDh9lkOC2mz","2","1","3","1","4","4","3","3","AI generete from the database, obviously most of the picture is a stereo type, which I understand.","3","1","2","6","3","4","Artist_final","FS_4R83hDh9lkOC2mz","FS_4R83hDh9lkOC2mz","FaithfulQ1","FL_30|FL_34|FL_36|FL_32","FL_48|FL_41|FL_42|FL_29","no","AI generete from the database, obviously most of the picture is a stereo type, which I understand.","2","1","I had been teaching at the art school.","","Well thank you. I enjoyed to explore the counter idea of the meaning of picture.","5","5","Japanese","5",NA,NA
"36","2024-10-06 12:09:34","2024-10-06 12:38:37",98,"1743","0","2024-10-07 02:23:21","R_2ilFYKoZIXMjfBD","1","3","1","3","","3","1","1","Ambivalent. Lost my enthusiasm. Developing too quickly. Too much childish fantasy imagery.","3","1","3","7","2","3","Artist_final","FS_2ilFYKoZIXMjfBD","FS_2ilFYKoZIXMjfBD","FaithfulQ1","FL_36|FL_34|FL_32|FL_30","FL_42|FL_48|FL_41|FL_29","No","Ambivalent. Lost my enthusiasm. Developing too quickly. Too much childish fantasy imagery.","2","1","","30","No","4","4","","3",NA,NA
"37","2024-10-07 02:16:21","2024-10-07 02:54:28",98,"2286","0","2024-10-07 03:38:34","R_8i4MHel9ky76qzL","3","3","4","1","","3","3","4","fun, stimulating, repetitive, inspiring, boring, easy, fast, annoying, generic, biased ","4","1","3","6","3","4","Artist_final","FS_8i4MHel9ky76qzL","FS_8i4MHel9ky76qzL","Aesthetics Q2","FL_34|FL_36|FL_32|FL_30","FL_41|FL_29|FL_48|FL_42","","fun, stimulating, repetitive, inspiring, boring, easy, fast, annoying, generic, biased ","4","4","","","","5","5","netherlands","3",NA,NA
"38","2024-10-07 03:48:15","2024-10-07 04:10:14",98,"1319","0","2024-10-07 04:50:43","R_8Eh7ggUw9mDI5Xc","3","1","2","3","4","3","4","4","it's a bit Disney like - nothing surprising","1","2","1","6","3","4","Artist_final","FS_8Eh7ggUw9mDI5Xc","FS_8Eh7ggUw9mDI5Xc","Aesthetics Q1","FL_36|FL_30|FL_32|FL_34","FL_48|FL_29|FL_42|FL_41","once i wannted to correct something but then it didn't load...time was long therefore","it's a bit Disney like - nothing surprising","2","4","","10","","5","5","German","3",NA,NA
"39","2024-10-07 10:36:37","2024-10-07 10:48:55",98,"737","0","2024-10-08 03:08:12","R_22DBZG1QSo8VR1Y","1","4","3","3","2","2","1","1","","4","1","2","7","3","3","Artist_final","FS_22DBZG1QSo8VR1Y","FS_22DBZG1QSo8VR1Y","Aesthetics Q1","FL_30|FL_32|FL_34|FL_36","FL_48|FL_42|FL_29|FL_41","not really","","2","1","","16","","5","5","Spanish","4",NA,NA
"40","2024-10-07 10:52:37","2024-10-07 12:34:56",98,"6138","0","2024-10-08 03:08:12","R_80UcdeJA5By6HBa","3","4","2","1","2","4","2","3","I have mixed feelings about it. While I appreciate its potential, I sometimes feel disheartened by the realization that automation and artificial intelligence, rather than enhancing our well-being and health, often serve to further concentrate wealth, benefiting the few at the expense of the many.","3","1","3","6","2","2","Artist_final","FS_80UcdeJA5By6HBa","FS_80UcdeJA5By6HBa","Aesthetics Q2","FL_32|FL_30|FL_36|FL_34","FL_29|FL_41|FL_48|FL_42","no it was fun (๑•᎑•๑)","I have mixed feelings about it. While I appreciate its potential, I sometimes feel disheartened by the realization that automation and artificial intelligence, rather than enhancing our well-being and health, often serve to further concentrate wealth, benefiting the few at the expense of the many.","2","4","","12","","4","4","","3",NA,NA
"41","2024-10-07 12:06:16","2024-10-07 12:17:59",98,"703","0","2024-10-08 03:08:10","R_2L0dbRoI6u1AXmq","1","1","4","3","2","4","4","3","It’s entertaining but it’s morality makes me uncomfortable ","2","1","4","6","3","2","Artist_final","FS_2L0dbRoI6u1AXmq","FS_2L0dbRoI6u1AXmq","Aesthetics Q2","FL_30|FL_34|FL_32|FL_36","FL_29|FL_41|FL_48|FL_42","Couldn’t delete original text in block 2 ","It’s entertaining but it’s morality makes me uncomfortable ","4","3","","15","This was fun ","5","5","English ","3",NA,NA
"42","2024-10-07 12:19:50","2024-10-07 13:10:00",98,"3010","0","2024-10-08 03:08:13","R_8MEn7dWXzAKt23n","1","2","4","4","3","4","1","4","it all has a sort of a glow or average look ","3","1","3","6","3","4","Artist_final","FS_8MEn7dWXzAKt23n","FS_8MEn7dWXzAKt23n","FaithfulQ1","FL_32|FL_36|FL_30|FL_34","FL_42|FL_48|FL_41|FL_29","no","it all has a sort of a glow or average look ","4","4","yes I have a degree in art and film ","35","i get bored using AI ","5","5","spanish","5",NA,NA
"43","2024-10-08 09:03:26","2024-10-08 15:11:45",98,"22098","0","2024-10-09 03:56:46","R_8nCpXnK7HwOR8PX","4","3","2","1","2","2","4","3","I love it and I use quite often in my artistic practice and just for fun too","5","1","3","7","3","3","Artist_final","FS_8nCpXnK7HwOR8PX","FS_8nCpXnK7HwOR8PX","FaithfulQ1","FL_30|FL_34|FL_36|FL_32","FL_41|FL_42|FL_48|FL_29","no","I love it and I use quite often in my artistic practice and just for fun too","2","3","","10","","5","5","Portuguese","3",NA,NA
"44","2024-10-08 10:19:02","2024-10-08 10:39:51",98,"1248","0","2024-10-09 03:56:44","R_2EQQryfJ7eIXkMV","4","2","1","3","2","3","4","3","it's fun but boring. It's incapable to create 'the new' but only regurgitations of previously conceived imageries. It looks very cheap.","3","1","3","5","3","4","Artist_final","FS_2EQQryfJ7eIXkMV","FS_2EQQryfJ7eIXkMV","Aesthetics Q3","FL_34|FL_36|FL_30|FL_32","FL_29|FL_41|FL_42|FL_48","no","it's fun but boring. It's incapable to create 'the new' but only regurgitations of previously conceived imageries. It looks very cheap.","4","3","","10","thank you","5","5","spanish","2",NA,NA
"45","2024-10-09 01:11:21","2024-10-09 01:35:43",98,"1462","0","2024-10-09 03:56:43","R_2qf0iUONWs7Ur85","2","1","3","4","2","3","3","1","I feel it's a great tool, but you need to understand the language model behind it to really get the best out of it.  ","4","1","2","7","3","2","Artist_final","FS_2qf0iUONWs7Ur85","FS_2qf0iUONWs7Ur85","Aesthetics Q2","FL_30|FL_32|FL_36|FL_34","FL_41|FL_48|FL_29|FL_42","No technichal difficulties. ","I feel it's a great tool, but you need to understand the language model behind it to really get the best out of it.  ","4","4","","23","","5","5","Spanish","4",NA,NA
"46","2024-10-09 05:04:24","2024-10-09 05:41:06",98,"2201","0","2024-10-09 06:31:59","R_2AZjByHb2ETDG5S","4","1","4","2","","","3","2","good entertainment and could be a good tool too","3","1","2","6","3","4","Artist_final","FS_2AZjByHb2ETDG5S","FS_2AZjByHb2ETDG5S","Aesthetics Q2","FL_32|FL_34|FL_30|FL_36","FL_48|FL_29|FL_41|FL_42","no","good entertainment and could be a good tool too","4","4","","25","thank you, that was interesting!","5","5","estonian","3",NA,NA
"47","2024-10-10 06:24:02","2024-10-10 07:00:18",98,"2176","0","2024-10-10 07:15:54","R_4PBFsu72QqG7tbe","1","3","2","2","1","","3","3","i do it professionally since 2017, so it's a long story","5","1","3","6","3","4","Artist_final","FS_4PBFsu72QqG7tbe","FS_4PBFsu72QqG7tbe","Aesthetics Q2","FL_30|FL_36|FL_34|FL_32","FL_48|FL_29|FL_41|FL_42","english is not my native language, so i had to refer to a translator few times","i do it professionally since 2017, so it's a long story","2","4","","26","","5","5","russian","1",NA,NA
"48","2024-10-10 06:52:57","2024-10-10 07:04:13",98,"676","0","2024-10-10 07:15:53","R_3dzISfNryhQQD72","4","1","2","1","2","1","3","2","Frustrated by the imprecision of language against the multiple valences of meaning in visual imagery.","3","1","3","7","3","4","Artist_final","FS_3dzISfNryhQQD72","FS_3dzISfNryhQQD72","FaithfulQ1","FL_30|FL_32|FL_36|FL_34","FL_48|FL_41|FL_42|FL_29","No","Frustrated by the imprecision of language against the multiple valences of meaning in visual imagery.","2","1","","25","Interesting study!","4","4","","4",NA,NA
"49","2024-10-10 08:32:27","2024-10-10 08:46:15",98,"827","0","2024-10-10 09:00:49","R_8QlHJ11m4jGNUJj","4","2","2","2","4","4","2","2","I don't feel nothing at all","3","1","3","7","3","4","Artist_final","FS_8QlHJ11m4jGNUJj","FS_8QlHJ11m4jGNUJj","FaithfulQ1","FL_36|FL_30|FL_34|FL_32","FL_48|FL_41|FL_42|FL_29","Yes, in block 2 prompts did not allow to click on submit button unless you continue typing after the default description (I am using firefox in case this helps)","I don't feel nothing at all","4","1","","25","Thank you!","5","5","Spanish","4",NA,NA
"50","2024-10-11 04:22:27","2024-10-11 04:36:02",98,"814","0","2024-10-11 05:48:47","R_4g1I0HiR86yDf45","2","3","4","2","2","4","1","3","✌️","4","1","4","7","3","4","Artist_final","FS_4g1I0HiR86yDf45","FS_4g1I0HiR86yDf45","Aesthetics Q2","FL_32|FL_36|FL_30|FL_34","FL_29|FL_48|FL_41|FL_42","No","✌️","1","4","","12","/","5","5","Greek","4",NA,NA
"51","2024-10-14 04:51:34","2024-10-14 05:02:32",100,"658","1","2024-10-14 05:02:32","R_2nvqKesK0y1kFbj","3","1","1","1","2","4","4","1","it feels very natural and fun to use","5","1","3","1","1","2","Laypeople_final","FS_2nvqKesK0y1kFbj","FS_2nvqKesK0y1kFbj","Aesthetics Q3","FL_32|FL_30|FL_34|FL_36","FL_41|FL_29|FL_42|FL_48","","it feels very natural and fun to use","2","4","","","",NA,NA,NA,NA,"Graduate degree (MA/MSc/MPhil/other)",0
"52","2024-10-14 05:11:38","2024-10-14 05:25:26",100,"828","1","2024-10-14 05:25:27","R_8curb9wKWt0YP6B","2","3","4","2","4","4","4","4","It is amazing","4","1","3","1","1","2","Laypeople_final","FS_8curb9wKWt0YP6B","FS_8curb9wKWt0YP6B","Aesthetics Q2","FL_30|FL_32|FL_34|FL_36","FL_29|FL_41|FL_48|FL_42","No","It is amazing","2","4","","","No thanks",NA,NA,NA,NA,"Graduate degree (MA/MSc/MPhil/other)",0
"53","2024-10-14 05:11:38","2024-10-14 05:37:05",100,"1526","1","2024-10-14 05:37:06","R_4OZArtRNoKgnkIz","2","","3","3","2","2","4","4","The generated images sometimes don't quite match my expectations","4","1","2","1","1","1","Laypeople_final","FS_4OZArtRNoKgnkIz","FS_4OZArtRNoKgnkIz","Aesthetics Q2","FL_34|FL_36|FL_30|FL_32","FL_41|FL_29|FL_48|FL_42","no","The generated images sometimes don't quite match my expectations","3","4","","","",NA,NA,NA,NA,"Graduate degree (MA/MSc/MPhil/other)",0
"54","2024-10-14 05:12:05","2024-10-14 05:37:55",100,"1549","1","2024-10-14 05:37:55","R_2Nel2tsnKwClpjH","1","4","3","2","2","3","4","2","The real potential lies in the collaboration between humans and AI where technology amplifies human vision rather than replaces it.","4","1","3","1","1","2","Laypeople_final","FS_2Nel2tsnKwClpjH","FS_2Nel2tsnKwClpjH","Aesthetics Q2","FL_30|FL_32|FL_36|FL_34","FL_41|FL_48|FL_29|FL_42","No","The real potential lies in the collaboration between humans and AI where technology amplifies human vision rather than replaces it.","4","3","","","N/A",NA,NA,NA,NA,"Graduate degree (MA/MSc/MPhil/other)",0
"55","2024-10-14 05:22:33","2024-10-14 05:40:29",100,"1075","1","2024-10-14 05:40:29","R_8VsAzWM9lV1pBRY","1","4","3","3","2","3","4","3","Seems to product an AI ""style""' photos and that the first part of the sentence is heavier as I aadd more stuff it just ignores that","4","1","2","1","1","2","Laypeople_final","FS_8VsAzWM9lV1pBRY","FS_8VsAzWM9lV1pBRY","Aesthetics Q2","FL_32|FL_30|FL_36|FL_34","FL_29|FL_41|FL_48|FL_42","No and I had fun","Seems to product an AI ""style""' photos and that the first part of the sentence is heavier as I aadd more stuff it just ignores that","2","1","","","Not really",NA,NA,NA,NA,"Graduate degree (MA/MSc/MPhil/other)",0
"56","2024-10-14 05:46:37","2024-10-14 05:56:03",100,"566","1","2024-10-14 05:56:04","R_2HHAZHrzB6koQPL","2","1","3","4","2","4","1","4","Not great and heavily focused on the inital parts of the prompt","3","2","1","1","1","1","Laypeople_final","FS_2HHAZHrzB6koQPL","FS_2HHAZHrzB6koQPL","Aesthetics Q1","FL_34|FL_30|FL_32|FL_36","FL_29|FL_42|FL_48|FL_41","no","Not great and heavily focused on the inital parts of the prompt","3","4","","","no",NA,NA,NA,NA,"Graduate degree (MA/MSc/MPhil/other)",0
"57","2024-10-14 05:46:55","2024-10-14 06:03:59",100,"1024","1","2024-10-14 06:03:59","R_8Cq4LpVii4K5Nyg","2","4","4","3","2","1","3","3","I am so excited about it - it was a lot of fun","5","2","1","1","1","1","Laypeople_final","FS_8Cq4LpVii4K5Nyg","FS_8Cq4LpVii4K5Nyg","Aesthetics Q1","FL_30|FL_34|FL_36|FL_32","FL_29|FL_48|FL_42|FL_41","no","I am so excited about it - it was a lot of fun","4","4","","","thanks for being able to participate, I really enjoyed it",NA,NA,NA,NA,"Graduate degree (MA/MSc/MPhil/other)",0
"58","2024-10-14 05:46:57","2024-10-14 06:01:03",100,"846","1","2024-10-14 06:01:04","R_8aQxMT0DRCyfKxM","1","2","2","2","2","3","1","3","I was already enthusiastic about it and I remains entusiastic","5","1","3","1","1","2","Laypeople_final","FS_8aQxMT0DRCyfKxM","FS_8aQxMT0DRCyfKxM","Aesthetics Q3","FL_32|FL_36|FL_34|FL_30","FL_41|FL_42|FL_29|FL_48","The first test was immediately skipped without a prompt and all 4 generated images were ""empty"". After that all worked fine","I was already enthusiastic about it and I remains entusiastic","2","4","","","",NA,NA,NA,NA,"Graduate degree (MA/MSc/MPhil/other)",0
"59","2024-10-14 05:48:03","2024-10-14 06:09:19",100,"1276","1","2024-10-14 06:09:20","R_4IcwEwI0GIoApMG","3","1","2","3","2","4","1","4","As much as I use AI-generated art it's still surreal to me how advanced it's getting.","5","1","3","1","1","3","Laypeople_final","FS_4IcwEwI0GIoApMG","FS_4IcwEwI0GIoApMG","Aesthetics Q2","FL_32|FL_36|FL_30|FL_34","FL_48|FL_29|FL_41|FL_42","No","As much as I use AI-generated art it's still surreal to me how advanced it's getting.","2","4","","","No",NA,NA,NA,NA,"Graduate degree (MA/MSc/MPhil/other)",0
"60","2024-10-14 06:46:28","2024-10-14 07:02:55",100,"986","1","2024-10-14 07:02:56","R_2cEQiKihLY7gw1z","1","1","3","3","2","4","1","3","I find it quite fun","4","1","3","1","1","2","Laypeople_final","FS_2cEQiKihLY7gw1z","FS_2cEQiKihLY7gw1z","Aesthetics Q1","FL_34|FL_32|FL_30|FL_36","FL_42|FL_48|FL_29|FL_41","No","I find it quite fun","3","2","","","No",NA,NA,NA,NA,"Graduate degree (MA/MSc/MPhil/other)",0
"61","2024-10-14 06:46:28","2024-10-14 07:07:28",100,"1259","1","2024-10-14 07:07:28","R_8cMTyxyqAwcdznr","2","4","2","3","2","","3","3","It's funny to create it, but it the images always look a little bit off.","2","2","1","1","1","1","Laypeople_final","FS_8cMTyxyqAwcdznr","FS_8cMTyxyqAwcdznr","Aesthetics Q2","FL_36|FL_34|FL_30|FL_32","FL_48|FL_29|FL_41|FL_42","No","It's funny to create it, but it the images always look a little bit off.","3","4","","","Unfortunately I missed a choice of the created image because I was still choosing the best picture when the time ran out. I hope it will not be a problem!",NA,NA,NA,NA,"Graduate degree (MA/MSc/MPhil/other)",0
"62","2024-10-14 06:46:29","2024-10-14 07:04:58",100,"1108","1","2024-10-14 07:04:58","R_6dWwYY7euhcmCvK","1","","3","3","2","1","4","2","Impressive!","4","1","2","1","1","2","Laypeople_final","FS_6dWwYY7euhcmCvK","FS_6dWwYY7euhcmCvK","FaithfulQ1","FL_30|FL_32|FL_34|FL_36","FL_48|FL_42|FL_41|FL_29","None","Impressive!","3","2","","","",NA,NA,NA,NA,"Doctorate degree (PhD/other)",0
"63","2024-10-14 06:46:32","2024-10-14 07:03:04",100,"991","1","2024-10-14 07:03:05","R_2f72R6pXv1zpbq2","4","4","4","3","2","2","1","1","yes","3","1","3","1","1","1","Laypeople_final","FS_2f72R6pXv1zpbq2","FS_2f72R6pXv1zpbq2","Aesthetics Q3","FL_30|FL_32|FL_36|FL_34","FL_29|FL_41|FL_42|FL_48","no","yes","3","2","","","no",NA,NA,NA,NA,"Graduate degree (MA/MSc/MPhil/other)",0
"64","2024-10-14 07:14:50","2024-10-14 07:39:16",100,"1465","1","2024-10-14 07:39:16","R_2oSCTcl1d8T3VLP","1","2","2","4","","3","3","3","difficult to give instructions","4","2","1","1","1","1","Laypeople_final","FS_2oSCTcl1d8T3VLP","FS_2oSCTcl1d8T3VLP","Aesthetics Q1","FL_32|FL_36|FL_34|FL_30","FL_29|FL_48|FL_42|FL_41","no","difficult to give instructions","3","4","","","nothing",NA,NA,NA,NA,"Graduate degree (MA/MSc/MPhil/other)",0
"65","2024-10-14 07:14:58","2024-10-14 07:23:22",100,"504","1","2024-10-14 07:23:22","R_2VszDKSxg9wCGjv","1","2","1","3","1","4","3","3","Fun to use","5","1","2","1","1","2","Laypeople_final","FS_2VszDKSxg9wCGjv","FS_2VszDKSxg9wCGjv","FaithfulQ1","FL_30|FL_34|FL_32|FL_36","FL_48|FL_41|FL_42|FL_29","no","Fun to use","1","3","","","Thanks for this, was funny !",NA,NA,NA,NA,"Graduate degree (MA/MSc/MPhil/other)",0
"66","2024-10-14 07:17:32","2024-10-14 07:34:25",100,"1012","1","2024-10-14 07:34:25","R_8Eih0dlFyWlcYUk","1","1","4","1","2","4","3","3","I think it is an interesting thing because it gives you the opportunity to create innovative images following your own imagination. ","5","1","2","1","1","2","Laypeople_final","FS_8Eih0dlFyWlcYUk","FS_8Eih0dlFyWlcYUk","FaithfulQ1","FL_30|FL_34|FL_36|FL_32","FL_41|FL_48|FL_42|FL_29","no","I think it is an interesting thing because it gives you the opportunity to create innovative images following your own imagination. ","4","4","","","no, thank you ",NA,NA,NA,NA,"Doctorate degree (PhD/other)",0
"67","2024-10-14 08:06:02","2024-10-14 08:14:40",100,"518","1","2024-10-14 08:14:41","R_2q8aoYykr1XOCZd","1","1","1","3","1","3","2","1","che può essere molto utile ","4","1","3","1","1","1","Laypeople_final","FS_2q8aoYykr1XOCZd","FS_2q8aoYykr1XOCZd","Aesthetics Q1","FL_34|FL_30|FL_36|FL_32","FL_42|FL_29|FL_48|FL_41","No zero","che può essere molto utile ","3","4","","","",NA,NA,NA,NA,"Graduate degree (MA/MSc/MPhil/other)",0
"68","2024-10-14 08:06:19","2024-10-14 08:19:08",100,"768","1","2024-10-14 08:19:08","R_2PUJFzEDwbv1xBf","4","1","1","3","1","1","2","1","I liked it!","3","1","3","1","1","2","Laypeople_final","FS_2PUJFzEDwbv1xBf","FS_2PUJFzEDwbv1xBf","Aesthetics Q2","FL_36|FL_32|FL_30|FL_34","FL_48|FL_41|FL_29|FL_42","no","I liked it!","4","4","","","no",NA,NA,NA,NA,"Graduate degree (MA/MSc/MPhil/other)",0
"69","2024-10-14 08:07:44","2024-10-14 08:35:47",100,"1682","1","2024-10-14 08:35:48","R_82HTqbGHxWi8oEx","","2","","1","","4","1","3","","4","1","3","1","1","","Laypeople_final","FS_82HTqbGHxWi8oEx","FS_82HTqbGHxWi8oEx","FaithfulQ1","FL_36|FL_32|FL_34|FL_30","FL_41|FL_42|FL_48|FL_29","","","3","","","","",NA,NA,NA,NA,"Graduate degree (MA/MSc/MPhil/other)",0
"70","2024-10-14 09:43:48","2024-10-14 09:52:44",100,"535","1","2024-10-14 09:52:44","R_2fTawL3kaqBfkv7","2","4","3","1","2","1","1","","Not very precise","3","1","2","1","1","1","Laypeople_final","FS_2fTawL3kaqBfkv7","FS_2fTawL3kaqBfkv7","Aesthetics Q2","FL_30|FL_36|FL_32|FL_34","FL_48|FL_29|FL_41|FL_42","no","Not very precise","2","","","","no",NA,NA,NA,NA,"Doctorate degree (PhD/other)",0
"71","2024-10-14 09:54:17","2024-10-14 10:10:47",100,"990","1","2024-10-14 10:10:48","R_5HwgBw6w6pVBtCx","1","3","3","3","2","4","3","3","you need to give more details to make it more accurate as what you want","5","1","2","1","1","1","Laypeople_final","FS_5HwgBw6w6pVBtCx","FS_5HwgBw6w6pVBtCx","FaithfulQ1","FL_32|FL_36|FL_34|FL_30","FL_48|FL_41|FL_42|FL_29",NA,"you need to give more details to make it more accurate as what you want","2","4","","","would like to know more about the results of the study",NA,NA,NA,NA,"Doctorate degree (PhD/other)",0
"72","2024-10-14 09:55:41","2024-10-14 10:10:53",100,"911","1","2024-10-14 10:10:53","R_8B2gg7RG66Lp0aZ","2","","4","3","2","2","4","4","very excited","4","1","2","1","1","1","Laypeople_final","FS_8B2gg7RG66Lp0aZ","FS_8B2gg7RG66Lp0aZ","Aesthetics Q3","FL_32|FL_36|FL_30|FL_34","FL_41|FL_29|FL_42|FL_48","no","very excited","2","3","","","interesting study",NA,NA,NA,NA,"Doctorate degree (PhD/other)",0
"73","2024-10-14 09:56:32","2024-10-14 10:08:02",100,"690","1","2024-10-14 10:08:02","R_2a5EV5cNnN74IyR","3","3","3","3","2","2","3","3","The experiment was so fun, and I got to experience first hand how fun it can be to generate AI-pictures. I am not sure I would call it art, though, that's some food for thought","3","2","1","1","1","2","Laypeople_final","FS_2a5EV5cNnN74IyR","FS_2a5EV5cNnN74IyR","Aesthetics Q1","FL_32|FL_36|FL_30|FL_34","FL_48|FL_29|FL_42|FL_41","No","The experiment was so fun, and I got to experience first hand how fun it can be to generate AI-pictures. I am not sure I would call it art, though, that's some food for thought","2","1","","","It was so fun, thank you for the opportunity to participate and best luck with your research",NA,NA,NA,NA,"Doctorate degree (PhD/other)",0
"74","2024-10-14 10:08:12","2024-10-14 10:58:51",100,"3039","1","2024-10-14 10:58:52","R_5dhkxUE0gmeVlhU","4","1","4","2","1","3","3","3","It is impressive ","4","1","4","1","1","1","Laypeople_final","FS_5dhkxUE0gmeVlhU","FS_5dhkxUE0gmeVlhU","Aesthetics Q3","FL_36|FL_30|FL_32|FL_34","FL_29|FL_41|FL_42|FL_48","no","It is impressive ","3","4","","","Thank you!",NA,NA,NA,NA,"Doctorate degree (PhD/other)",0
"75","2024-10-14 10:18:09","2024-10-14 10:40:43",100,"1354","1","2024-10-14 10:40:44","R_2FPVZOtKTK3QqOf","4","4","1","2","4","3","1","4","nothing against","5","2","1","1","1","1","Laypeople_final","FS_2FPVZOtKTK3QqOf","FS_2FPVZOtKTK3QqOf","Aesthetics Q2","FL_36|FL_30|FL_34|FL_32","FL_29|FL_41|FL_48|FL_42","no","nothing against","1","4","","","good experience",NA,NA,NA,NA,"Doctorate degree (PhD/other)",0
"76","2024-10-14 10:20:52","2024-10-14 10:31:07",100,"615","1","2024-10-14 10:31:08","R_1uPUWMvtxMAiZOh","4","4","4","1","4","1","4","3","This was a particularly bad model! Let’s leave art to the artists. ","2","1","3","2","1","1","Laypeople_final","FS_1uPUWMvtxMAiZOh","FS_1uPUWMvtxMAiZOh","Aesthetics Q2","FL_30|FL_36|FL_32|FL_34","FL_48|FL_29|FL_41|FL_42","No ","This was a particularly bad model! Let’s leave art to the artists. ","3","4","","","No, all good!",NA,NA,NA,NA,"Doctorate degree (PhD/other)",0
"77","2024-10-14 10:35:15","2024-10-14 10:54:35",100,"1159","1","2024-10-14 10:54:36","R_1Icr7GBzoyoBgdc","4","1","1","1","2","3","4","4","I enjoyed playing with AI-generated art with happy and informational experience.","4","1","3","1","1","2","Laypeople_final","FS_1Icr7GBzoyoBgdc","FS_1Icr7GBzoyoBgdc","FaithfulQ1","FL_36|FL_34|FL_30|FL_32","FL_42|FL_41|FL_48|FL_29","I did not encounter any technical difficulties, actually the AI image tool worked very well. Thanks","I enjoyed playing with AI-generated art with happy and informational experience.","1","4","","","Thanks for this interesting study. I enjoyed it.",NA,NA,NA,NA,"Doctorate degree (PhD/other)",0
"78","2024-10-15 02:29:07","2024-10-15 02:51:47",100,"1359","1","2024-10-15 02:51:48","R_8sIImktWR1wIIxz","2","4","2","","4","4","4","4","it is fun, but very difficult to get the exact results that I imagine, especially with limited words and no iteration","3","1","2","1","1","2","Laypeople_final","FS_8sIImktWR1wIIxz","FS_8sIImktWR1wIIxz","Aesthetics Q2","FL_32|FL_36|FL_30|FL_34","FL_48|FL_29|FL_41|FL_42","no","it is fun, but very difficult to get the exact results that I imagine, especially with limited words and no iteration","3","4","","","",NA,NA,NA,NA,"Doctorate degree (PhD/other)",0
"79","2024-10-15 02:31:51","2024-10-15 02:47:51",100,"959","1","2024-10-15 02:47:52","R_2Hxr8ZtIaCHmKBz","1","4","3","4","2","4","4","4","Very nice tool","5","1","2","1","1","2","Laypeople_final","FS_2Hxr8ZtIaCHmKBz","FS_2Hxr8ZtIaCHmKBz","Aesthetics Q2","FL_32|FL_36|FL_30|FL_34","FL_41|FL_29|FL_48|FL_42","No","Very nice tool","2","3","","","Nice study",NA,NA,NA,NA,"Doctorate degree (PhD/other)",0
"80","2024-10-15 02:36:34","2024-10-15 02:56:51",100,"1216","1","2024-10-15 02:56:51","R_8OdGKnlBsx6c3Uv","4","1","3","2","1","3","1","3","Positively","4","2","1","1","1","1","Laypeople_final","FS_8OdGKnlBsx6c3Uv","FS_8OdGKnlBsx6c3Uv","Aesthetics Q1","FL_34|FL_30|FL_32|FL_36","FL_42|FL_29|FL_48|FL_41","I could not delete the default prompt in the second part of the study, which resulted in creating a combination of the default prompt and my prompt","Positively","3","1","","","",NA,NA,NA,NA,"Doctorate degree (PhD/other)",0
"81","2024-10-15 08:02:40","2024-10-15 08:18:00",100,"919","1","2024-10-15 08:18:01","R_2VZe82cAmcqvKxP","2","1","4","4","4","4","4","2","I think it is fun and creative","4","1","2","1","1","2","Laypeople_final","FS_2VZe82cAmcqvKxP","FS_2VZe82cAmcqvKxP","Aesthetics Q3","FL_34|FL_30|FL_32|FL_36","FL_29|FL_42|FL_41|FL_48","No","I think it is fun and creative","3","4","","","No",NA,NA,NA,NA,"Doctorate degree (PhD/other)",0
"82","2024-10-15 08:21:39","2024-10-15 08:44:01",100,"1341","1","2024-10-15 08:44:01","R_8XhAGjWRvVSg9jP","2","3","2","3","1","3","4","3","it's incredible ","4","1","3","1","1","2","Laypeople_final","FS_8XhAGjWRvVSg9jP","FS_8XhAGjWRvVSg9jP","FaithfulQ1","FL_30|FL_36|FL_34|FL_32","FL_42|FL_41|FL_48|FL_29","no","it's incredible ","2","2","","","no",NA,NA,NA,NA,"Undergraduate degree (BA/BSc/other)",0
"83","2024-10-15 08:34:23","2024-10-15 08:49:08",100,"885","1","2024-10-15 08:49:09","R_8awvgMmgUHscteG","3","2","4","2","4","2","4","4","needs more work it seems, but it's advancing fast nevertheless","4","1","3","1","1","2","Laypeople_final","FS_8awvgMmgUHscteG","FS_8awvgMmgUHscteG","Aesthetics Q1","FL_32|FL_34|FL_36|FL_30","FL_48|FL_29|FL_42|FL_41","no","needs more work it seems, but it's advancing fast nevertheless","2","2","","","",NA,NA,NA,NA,"Doctorate degree (PhD/other)",0
"84","2024-10-15 08:43:08","2024-10-15 08:57:52",100,"883","1","2024-10-15 08:57:52","R_2IddlAS04NNGVXQ","2","3","1","1","4","4","4","3","It can be quite tricky to get what I want, I need to improve my prompt writing skills","4","1","2","1","1","2","Laypeople_final","FS_2IddlAS04NNGVXQ","FS_2IddlAS04NNGVXQ","FaithfulQ1","FL_36|FL_30|FL_32|FL_34","FL_41|FL_42|FL_48|FL_29","none","It can be quite tricky to get what I want, I need to improve my prompt writing skills","4","4","","","good luck with you study, I was glad to help!",NA,NA,NA,NA,"Graduate degree (MA/MSc/MPhil/other)",0
"85","2024-10-15 09:32:02","2024-10-15 09:45:55",100,"832","1","2024-10-15 09:45:56","R_23DRQGZaeEEs6E1","4","3","4","3","2","4","1","2","It still has much to learn but soon we will be unable to tell the difference between art made by AI and human.","3","2","1","1","1","1","Laypeople_final","FS_23DRQGZaeEEs6E1","FS_23DRQGZaeEEs6E1","FaithfulQ1","FL_36|FL_32|FL_34|FL_30","FL_42|FL_48|FL_41|FL_29","No","It still has much to learn but soon we will be unable to tell the difference between art made by AI and human.","2","4","","","",NA,NA,NA,NA,"Undergraduate degree (BA/BSc/other)",0
"86","2024-10-16 07:03:12","2024-10-16 07:21:35",100,"1102","1","2024-10-16 07:21:36","R_3KxR865CYG4UZXg","1","4","4","3","2","4","1","3","First time using such a system. Quite impressed as to how quickly a new image can be created. Interesting program to work with.","4","2","1","1","1","1","Laypeople_final","FS_3KxR865CYG4UZXg","FS_3KxR865CYG4UZXg","FaithfulQ1","FL_32|FL_34|FL_30|FL_36","FL_42|FL_41|FL_48|FL_29","No.","First time using such a system. Quite impressed as to how quickly a new image can be created. Interesting program to work with.","1","3","","","No.",NA,NA,NA,NA,"Doctorate degree (PhD/other)",1
"87","2024-10-16 07:04:10","2024-10-16 07:16:00",100,"710","1","2024-10-16 07:16:01","R_866ge4KuDzshvPz","1","3","2","3","2","2","4","4","I think it's pretty powerful and cool for prototyping and conceptualizing","3","1","2","1","1","1","Laypeople_final","FS_866ge4KuDzshvPz","FS_866ge4KuDzshvPz","Aesthetics Q1","FL_36|FL_32|FL_34|FL_30","FL_48|FL_42|FL_29|FL_41","No","I think it's pretty powerful and cool for prototyping and conceptualizing","2","4","","","Nope",NA,NA,NA,NA,"Doctorate degree (PhD/other)",1
"88","2024-10-16 07:23:47","2024-10-16 07:44:04",100,"1217","1","2024-10-16 07:44:04","R_87NXP7s1zbpC8ND","2","1","2","4","3","4","3","2","it's a very good innovation which is very useful in our every day life ","5","1","4","2","1","2","Laypeople_final","FS_87NXP7s1zbpC8ND","FS_87NXP7s1zbpC8ND","Aesthetics Q1","FL_32|FL_36|FL_30|FL_34","FL_29|FL_42|FL_48|FL_41","Not at all","it's a very good innovation which is very useful in our every day life ","3","3","","","No remarks ",NA,NA,NA,NA,"Doctorate degree (PhD/other)",1
"89","2024-10-16 09:07:10","2024-10-16 09:26:18",100,"1148","1","2024-10-16 09:26:19","R_8ddatFq2paHOkCb","3","2","2","1","2","3","3","2","Indifferent","3","2","1","1","1","1","Laypeople_final","FS_8ddatFq2paHOkCb","FS_8ddatFq2paHOkCb","Aesthetics Q3","FL_30|FL_32|FL_36|FL_34","FL_41|FL_29|FL_42|FL_48","No","Indifferent","2","1","","","I found it interesting, though harder than I would have expected to generate the pictures I was envisioning",NA,NA,NA,NA,"Doctorate degree (PhD/other)",1
"90","2024-10-16 09:07:17","2024-10-16 09:14:17",100,"419","1","2024-10-16 09:14:18","R_2VlIKVLxjwNw3Bz","4","4","4","4","4","2","3","4","Very Interested","5","2","1","1","1","1","Laypeople_final","FS_2VlIKVLxjwNw3Bz","FS_2VlIKVLxjwNw3Bz","Aesthetics Q2","FL_32|FL_36|FL_30|FL_34","FL_48|FL_29|FL_41|FL_42","NO","Very Interested","2","4","","","no",NA,NA,NA,NA,"Doctorate degree (PhD/other)",1
"91","2024-10-16 09:13:22","2024-10-16 09:33:30",100,"1208","1","2024-10-16 09:33:32","R_2ZZne1MK0qFb2U1","3","","1","3","2","4","3","4","Interested, and fairly positive overall","4","2","1","1","1","2","Laypeople_final","FS_2ZZne1MK0qFb2U1","FS_2ZZne1MK0qFb2U1","Aesthetics Q1","FL_32|FL_34|FL_36|FL_30","FL_42|FL_29|FL_48|FL_41","In the last section I tried to delete the prompts that were already there, but couldn't (so wrote a new prompt afterwards); I don't know if this was a technical problem","Interested, and fairly positive overall","2","2","","","I tried to complete the expt. in Microsoft Edge but the images wouldn't load, so I did it in Mozilla Firefox",NA,NA,NA,NA,"Doctorate degree (PhD/other)",1
"92","2024-10-16 09:44:23","2024-10-16 10:02:23",100,"1080","1","2024-10-16 10:02:23","R_20orlwMXv6fRafC","1","1","3","2","2","4","2","3","worrying that it exists as I think human created art has more value, but has a while before it is accurate. ","3","2","1","1","1","2","Laypeople_final","FS_20orlwMXv6fRafC","FS_20orlwMXv6fRafC","Aesthetics Q2","FL_30|FL_36|FL_34|FL_32","FL_41|FL_29|FL_48|FL_42","yes, it froze for a long time at the start of the second part and needed to be refreshed a few times","worrying that it exists as I think human created art has more value, but has a while before it is accurate. ","3","4","","","",NA,NA,NA,NA,"Doctorate degree (PhD/other)",1
"93","2024-10-16 09:44:50","2024-10-16 10:17:55",100,"1985","1","2024-10-16 10:17:56","R_28X6yi4Uo2DEQIF","1","3","1","3","2","4","1","4","Huge potential. Impressive results cosntrained only by my imagination or the complexity of the AI.","5","2","1","1","1","1","Laypeople_final","FS_28X6yi4Uo2DEQIF","FS_28X6yi4Uo2DEQIF","FaithfulQ1","FL_32|FL_30|FL_34|FL_36","FL_42|FL_48|FL_41|FL_29","No","Huge potential. Impressive results cosntrained only by my imagination or the complexity of the AI.","1","4","","","AIs are coming for all our jobs. I look forward to permanent holidays.",NA,NA,NA,NA,"Doctorate degree (PhD/other)",1
"94","2024-10-17 03:33:06","2024-10-17 03:44:01",100,"655","1","2024-10-17 03:44:01","R_8LLMpc2yp1LG7Id","2","1","2","2","2","1","1","2","It is very powerful","4","1","2","1","1","2","Laypeople_final","FS_8LLMpc2yp1LG7Id","FS_8LLMpc2yp1LG7Id","Aesthetics Q2","FL_32|FL_30|FL_34|FL_36","FL_29|FL_48|FL_41|FL_42","no","It is very powerful","2","2","","","no",NA,NA,NA,NA,"Graduate degree (MA/MSc/MPhil/other)",1
"95","2024-10-17 03:53:30","2024-10-17 04:09:59",100,"989","1","2024-10-17 04:10:00","R_45XGTaPb9jhESF4","1","4","2","4","2","1","2","2","I was surprised with what it could do.","3","1","2","1","1","1","Laypeople_final","FS_45XGTaPb9jhESF4","FS_45XGTaPb9jhESF4","Aesthetics Q2","FL_34|FL_30|FL_32|FL_36","FL_29|FL_48|FL_41|FL_42","No","I was surprised with what it could do.","2","1","","","",NA,NA,NA,NA,"Graduate degree (MA/MSc/MPhil/other)",1
"96","2024-10-17 03:53:38","2024-10-17 04:05:49",100,"730","1","2024-10-17 04:05:50","R_29v5brX4l0gvd56","4","4","4","2","2","4","4","3","Absolute nonsense - it has none of the imagination of a human brain. Some of the suggestions were only as funny or ridiculous as the prompts given - but even then, they contained little of the detail a human artist could provide. They were also stunningly literal, and sometimes missed the point.","1","2","1","1","1","1","Laypeople_final","FS_29v5brX4l0gvd56","FS_29v5brX4l0gvd56","Aesthetics Q2","FL_34|FL_36|FL_30|FL_32","FL_48|FL_41|FL_29|FL_42","No","Absolute nonsense - it has none of the imagination of a human brain. Some of the suggestions were only as funny or ridiculous as the prompts given - but even then, they contained little of the detail a human artist could provide. They were also stunningly literal, and sometimes missed the point.","3","4","","","A.I. will be the end of us all. Has nobody seen 'Terminator 2'...?!",NA,NA,NA,NA,"Graduate degree (MA/MSc/MPhil/other)",1
"97","2024-10-17 10:12:27","2024-10-17 10:34:33",100,"1325","1","2024-10-17 10:34:33","R_1ek5vTpP65wlkvS","3","2","2","3","2","1","2","2","Creating prompts is more challenging than I would have thought. It doesn't take things literally.","2","1","2","1","1","1","Laypeople_final","FS_1ek5vTpP65wlkvS","FS_1ek5vTpP65wlkvS","Aesthetics Q1","FL_36|FL_32|FL_34|FL_30","FL_42|FL_29|FL_48|FL_41","No","Creating prompts is more challenging than I would have thought. It doesn't take things literally.","2","3","","","No",NA,NA,NA,NA,"Graduate degree (MA/MSc/MPhil/other)",1
"98","2024-10-17 10:12:50","2024-10-17 10:23:11",100,"621","1","2024-10-17 10:23:12","R_28wRwcyWJAzfQdz","4","2","4","1","4","3","3","3","Its okay sometimes very literal ","4","2","1","1","1","1","Laypeople_final","FS_28wRwcyWJAzfQdz","FS_28wRwcyWJAzfQdz","Aesthetics Q3","FL_36|FL_34|FL_32|FL_30","FL_29|FL_41|FL_42|FL_48","no","Its okay sometimes very literal ","4","4","","","no",NA,NA,NA,NA,"Graduate degree (MA/MSc/MPhil/other)",1
"99","2024-10-17 10:14:04","2024-10-17 10:28:58",100,"893","1","2024-10-17 10:28:58","R_8mymj4Ercd1xPVk","3","4","2","2","2","2","2","1","It rapidly becomes more samey than I expected","2","1","3","1","1","1","Laypeople_final","FS_8mymj4Ercd1xPVk","FS_8mymj4Ercd1xPVk","FaithfulQ1","FL_32|FL_34|FL_36|FL_30","FL_48|FL_41|FL_42|FL_29","No problems","It rapidly becomes more samey than I expected","2","4","","","",NA,NA,NA,NA,"Graduate degree (MA/MSc/MPhil/other)",1
"100","2024-10-18 10:06:11","2024-10-18 10:30:12",100,"1440","1","2024-10-18 10:30:12","R_2jSEDab1ZsdWGKD","4","3","2","2","2","3","1","3","It is pretty nice.","4","1","2","1","1","1","Laypeople_final","FS_2jSEDab1ZsdWGKD","FS_2jSEDab1ZsdWGKD","FaithfulQ1","FL_30|FL_36|FL_32|FL_34","FL_41|FL_48|FL_42|FL_29","","It is pretty nice.","3","3","","","",NA,NA,NA,NA,"No formal qualifications",0
